,epochs,fc_dropout,hidden_size,learning_rate,lstm_dropout,num_layers,sequence_length,weight_decay
0,496.4674504547906,0.1158358506917217,120.78420354102583,0.06846819840931316,0.30386839743942956,2.538065533049526,2.3840188703065524,0.001766103792023077
