MSE Loss,RMSE Loss,MAE Loss,R2 Score,Pearson's Correlation Coefficient
1.8423532247543335,1.3573331296164304,1.2476873397827148,0.4516805410385132,0.9532166123390198
