MSE Loss,RMSE Loss,MAE Loss,R2 Score,Pearson's Correlation Coefficient
2.272536277770996,1.5074933756972189,1.4039455652236938,0.41563349962234497,0.7856529355049133
