MSE Loss,RMSE Loss,MAE Loss,R2 Score,Pearson's Correlation Coefficient
1.5,1.224744871391589,1.1666666269302368,0.6142857074737549,0.8241927808273364
