,epochs,fc_dropout,hidden_size,learning_rate,lstm_dropout,num_layers,sequence_length,weight_decay
0,139.77655710373807,0.12158609549972704,93.00563341381306,0.08701268212956573,0.4151099322834958,2.1915505888553644,5.008510819423877,0.0020506379698627944
