Clusters,Historical Weights
0,0.5523255813953488
1,0.4476744186046512
