MSE,RMSE,R2 Score,MAE,Peasons Correlation
0.14656881988048553,0.38284307474536555,0.9563783407211304,0.3357195556163788,[0.98043942]
