MSE,RMSE,R2 Score,MAE,Peasons Correlation
0.3231092393398285,0.5684269868152184,0.8908414840698242,0.5046976208686829,0.9834024775773287
