MSE Loss,MAE Loss,RMSE Loss,R2 Score,Pearson's Correlation Coefficient
0.04774723947048187,0.2036118507385254,0.21851141725429787,0.5579968690872192,0.8155658915638924
