MSE Loss,MAE Loss,RMSE Loss,R2 Score,Pearson's Correlation Coefficient
0.053549181669950485,0.20667152106761932,0.2314069611527503,0.42625880241394043,0.953780896961689
