Restaurant_latitude,Restaurant_longitude,Count
26.911378,75.789034,175
26.902908,75.792934,164
26.892312,75.806896,162
26.88842,75.800689,162
26.956431,75.776649,161
26.90294,75.793007,160
26.846156,75.8023,160
26.913726,75.75282,160
26.914142,75.805704,159
26.849596,75.800512,158
26.766536,75.837333,158
26.911927,75.797282,157
26.910262,75.783013,153
26.905287,75.794592,153
26.902328,75.794257,153
26.913483,75.803139,152
26.921411,75.793604,152
26.891191,75.802083,151
